StudyHours,Attendance,Assignments,Passed
10,72,10,1
6,80,0,0
7,72,9,1
9,82,6,1
6,77,5,1
8,84,8,1
9,98,10,1
2,57,5,0
0,78,0,0
3,72,7,1
3,68,2,0
9,62,2,1
10,52,2,0
0,70,2,0
5,92,10,1
9,54,3,1
1,70,1,0
8,99,1,1
1,98,4,1
5,60,3,0
8,50,3,1
3,84,10,1
3,50,9,1
3,65,6,0
7,75,10,1
2,94,3,0
10,54,1,1
4,83,2,1
5,77,0,1
5,56,10,0
6,93,2,0
6,93,4,1
5,74,2,0
10,98,10,1
8,80,1,1
8,96,5,1
7,98,10,1
6,79,5,1
3,64,9,0
10,57,9,1
5,78,8,1
2,59,8,0
9,88,6,1
1,97,6,0
9,62,9,1
6,78,4,0
1,52,10,0
0,59,9,0
4,69,4,0
0,95,4,0
1,99,7,0
5,82,10,1
10,79,1,1
5,79,0,0
8,53,2,0
10,69,4,1
9,100,1,1
6,70,5,1
4,60,5,0
5,62,10,1
2,86,8,1
5,51,2,0
4,99,8,1
2,94,8,1
10,78,7,1
0,73,7,0
1,88,3,0
2,77,7,0
10,74,1,1
7,66,6,1
9,72,10,1
2,88,10,1
7,52,3,0
4,51,3,0
5,86,6,1
0,68,4,0
6,90,8,1
9,51,2,0
7,96,1,1
1,56,0,0
5,71,5,1
2,99,2,0
10,55,3,1
9,83,10,1
2,87,8,1
5,71,9,1
10,54,6,1
9,76,1,0
7,72,8,1
7,94,6,1
0,84,9,1
8,67,5,0
5,52,1,0
1,80,6,0
2,64,5,0
5,84,7,1
7,94,4,1
5,68,3,0
6,96,1,1
9,76,10,1
7,77,8,0
3,89,5,1
7,90,2,1
6,96,6,1
1,100,4,0
0,57,6,0
7,71,0,0
4,97,2,1
6,65,8,1
3,50,0,0
2,79,7,1
1,88,4,0
4,87,0,0
8,91,8,1
4,82,7,1
4,56,8,1
6,93,9,1
10,71,8,1
4,93,9,1
6,91,1,1
